Отметка в качестве участника Государственной программы переселения соотечественников,29.11.2024 4:41:35
Меры государственной поддержки,29.11.2024 4:41:35
Меры государственной поддержки,29.11.2024 4:41:35
Меры государственной поддержки,29.11.2024 4:41:35
Меры государственной поддержки,29.11.2024 4:41:35
Компенсация расходов по найму жилья,29.11.2024 4:41:35
Меры государственной поддержки,29.11.2024 4:41:35
Меры государственной поддержки,29.11.2024 4:41:35
Компенсация расходов по найму жилья,29.11.2024 4:41:35
Компенсация расходов по найму жилья,29.11.2024 4:41:35
Компенсация расходов по найму жилья,29.11.2024 4:41:35
Меры государственной поддержки,29.11.2024 4:41:35
Меры государственной поддержки,29.11.2024 4:41:35
Меры государственной поддержки,29.11.2024 4:41:35
Меры государственной поддержки,08.11.2024 4:41:35
Меры государственной поддержки,08.11.2024 4:41:35
Меры государственной поддержки,08.11.2024 4:41:35
Меры государственной поддержки,08.11.2024 4:41:35
Меры государственной поддержки,08.11.2024 4:41:35
Меры государственной поддержки,08.11.2024 4:41:35
Меры государственной поддержки,08.11.2024 4:41:35
Меры государственной поддержки,08.11.2024 4:41:35
Меры государственной поддержки,08.11.2024 4:41:35
Меры государственной поддержки,08.11.2024 4:41:35
Меры государственной поддержки,08.11.2024 4:41:35
Меры государственной поддержки,08.11.2024 4:41:35
